Model,R² Score,RMSE,MAE
Linear Regression,0.9763752257001781,76.75686144198404,52.188632051755626
Random Forest,0.9999032488665694,4.912034460404059,0.8806431568209896
XGBoost,0.9998957245525223,5.099462533713447,2.9271721176147447
LightGBM,0.9997412188380903,8.033405762340605,4.914603290369496
