Workout_Type,R²,RMSE,MAE,Sample_Count
HIIT,0.9998986674105825,5.322994316099877,2.892188707577284,1023
Strength,0.9998670587194424,5.182573531471815,3.31290476188167,1007
Yoga,0.9998577764764109,3.5249520689524925,2.244240848771777,1026
Cardio,0.999745991374397,6.109582760745608,3.2958614582126415,944
